[
  {
    "asyncValidators": null,
    "errorMessages": null,
    "hidden": false,
    "id": "basicSelect",
    "label": "Select",
    "labelTooltip": null,
    "controlTooltip": null,
    "layout": null,
    "name": "basicSelect",
    "relation": [],
    "updateOn": null,
    "validators": null,
    "disabled": false,
    "additional": null,
    "hint": null,
    "required": false,
    "tabIndex": null,
    "value": "option-1",
    "options": [
      {
        "disabled": false,
        "label": "Option 1",
        "value": "option-1"
      },
      {
        "disabled": true,
        "label": "Option 2",
        "value": "option-2"
      },
      {
        "disabled": false,
        "label": "Option 3",
        "value": "option-3"
      }
    ],
    "type": "SELECT",
    "filterable": false,
    "multiple": false,
    "placeholder": "",
    "prefix": null,
    "suffix": null
  },
  {
    "asyncValidators": null,
    "errorMessages": {
      "required": "{{label}} is required"
    },
    "hidden": false,
    "id": "basicInput",
    "label": "Input",
    "labelTooltip": null,
    "controlTooltip": null,
    "layout": null,
    "name": "basicInput",
    "relation": [],
    "updateOn": null,
    "validators": {
      "required": null,
      "minLength": 2,
      "maxLength": 5
    },
    "disabled": false,
    "additional": null,
    "hint": "Just a hint",
    "required": false,
    "tabIndex": null,
    "value": null,
    "autoComplete": "on",
    "autoFocus": false,
    "maxLength": 51,
    "minLength": null,
    "placeholder": "example input",
    "prefix": null,
    "readOnly": false,
    "spellCheck": false,
    "suffix": null,
    "type": "INPUT",
    "accept": null,
    "inputType": "text",
    "list": [
      "One",
      "Two",
      "Three",
      "Four",
      "Five"
    ],
    "mask": null,
    "max": null,
    "min": null,
    "multiple": null,
    "pattern": null,
    "step": null
  },
  {
    "asyncValidators": null,
    "errorMessages": null,
    "hidden": false,
    "id": "basicCheckboxGroup",
    "label": null,
    "labelTooltip": null,
    "controlTooltip": null,
    "layout": null,
    "name": "basicCheckboxGroup",
    "relation": [],
    "updateOn": null,
    "validators": null,
    "disabled": false,
    "group": [
      {
        "asyncValidators": null,
        "errorMessages": null,
        "hidden": false,
        "id": "checkboxGroup1",
        "label": "Checkbox 1",
        "labelTooltip": null,
        "controlTooltip": null,
        "layout": null,
        "name": "checkboxGroup1",
        "relation": [],
        "updateOn": null,
        "validators": null,
        "disabled": false,
        "additional": null,
        "hint": null,
        "required": false,
        "tabIndex": null,
        "value": false,
        "labelPosition": null,
        "type": "CHECKBOX",
        "indeterminate": false
      },
      {
        "asyncValidators": null,
        "errorMessages": null,
        "hidden": false,
        "id": "checkboxGroup2",
        "label": "Checkbox 2",
        "labelTooltip": null,
        "controlTooltip": null,
        "layout": null,
        "name": "checkboxGroup2",
        "relation": [],
        "updateOn": null,
        "validators": null,
        "disabled": false,
        "additional": null,
        "hint": null,
        "required": false,
        "tabIndex": null,
        "value": false,
        "labelPosition": null,
        "type": "CHECKBOX",
        "indeterminate": false
      }
    ],
    "type": "CHECKBOX_GROUP",
    "legend": "Checkbox Group"
  },
  {
    "asyncValidators": null,
    "errorMessages": null,
    "hidden": false,
    "id": "basicRadioGroup",
    "label": null,
    "labelTooltip": null,
    "controlTooltip": null,
    "layout": null,
    "name": "basicRadioGroup",
    "relation": [],
    "updateOn": null,
    "validators": null,
    "disabled": false,
    "additional": null,
    "hint": null,
    "required": false,
    "tabIndex": null,
    "value": "option-3",
    "options": [
      {
        "disabled": false,
        "label": "Option 1",
        "value": "option-1"
      },
      {
        "disabled": true,
        "label": "Option 2",
        "value": "option-2"
      },
      {
        "disabled": false,
        "label": "Option 3",
        "value": "option-3"
      },
      {
        "disabled": false,
        "label": "Option 4",
        "value": "option-4"
      }
    ],
    "type": "RADIO_GROUP",
    "legend": "Radio Group"
  },
  {
    "asyncValidators": null,
    "errorMessages": null,
    "hidden": false,
    "id": "basicTextArea",
    "label": "Textarea",
    "labelTooltip": null,
    "controlTooltip": null,
    "layout": null,
    "name": "basicTextArea",
    "relation": [],
    "updateOn": null,
    "validators": null,
    "disabled": false,
    "additional": null,
    "hint": null,
    "required": false,
    "tabIndex": null,
    "value": null,
    "autoComplete": "on",
    "autoFocus": false,
    "maxLength": null,
    "minLength": null,
    "placeholder": "example Textarea",
    "prefix": null,
    "readOnly": false,
    "spellCheck": false,
    "suffix": null,
    "type": "TEXTAREA",
    "cols": 20,
    "rows": 5,
    "wrap": "soft"
  },
  {
    "asyncValidators": null,
    "errorMessages": null,
    "hidden": false,
    "id": "basicFormGroup1",
    "label": null,
    "labelTooltip": null,
    "controlTooltip": null,
    "layout": null,
    "name": "basicFormGroup1",
    "relation": [],
    "updateOn": null,
    "validators": null,
    "disabled": false,
    "group": [
      {
        "asyncValidators": null,
        "errorMessages": null,
        "hidden": false,
        "id": "basicGroupInput1-1",
        "label": "Nested Input 1-1",
        "labelTooltip": null,
        "controlTooltip": null,
        "layout": null,
        "name": "basicGroupInput1-1",
        "relation": [],
        "updateOn": null,
        "validators": null,
        "disabled": false,
        "additional": null,
        "hint": null,
        "required": false,
        "tabIndex": null,
        "value": "Test 1-1",
        "autoComplete": "on",
        "autoFocus": false,
        "maxLength": null,
        "minLength": null,
        "placeholder": "",
        "prefix": null,
        "readOnly": false,
        "spellCheck": false,
        "suffix": null,
        "type": "INPUT",
        "accept": null,
        "inputType": "text",
        "list": null,
        "mask": null,
        "max": null,
        "min": null,
        "multiple": null,
        "pattern": null,
        "step": null
      },
      {
        "asyncValidators": null,
        "errorMessages": null,
        "hidden": false,
        "id": "basicGroupInput1-2",
        "label": "Nested Input 1-2",
        "labelTooltip": null,
        "controlTooltip": null,
        "layout": null,
        "name": "basicGroupInput1-2",
        "relation": [],
        "updateOn": null,
        "validators": null,
        "disabled": false,
        "additional": null,
        "hint": null,
        "required": false,
        "tabIndex": null,
        "value": "Test 1-2",
        "autoComplete": "on",
        "autoFocus": false,
        "maxLength": null,
        "minLength": null,
        "placeholder": "",
        "prefix": null,
        "readOnly": false,
        "spellCheck": false,
        "suffix": null,
        "type": "INPUT",
        "accept": null,
        "inputType": "text",
        "list": null,
        "mask": null,
        "max": null,
        "min": null,
        "multiple": null,
        "pattern": null,
        "step": null
      }
    ],
    "type": "GROUP",
    "legend": "Form Group 1"
  },
  {
    "asyncValidators": null,
    "errorMessages": null,
    "hidden": false,
    "id": "basicFormGroup2",
    "label": null,
    "labelTooltip": null,
    "controlTooltip": null,
    "layout": null,
    "name": "basicFormGroup2",
    "relation": [],
    "updateOn": null,
    "validators": null,
    "disabled": false,
    "group": [
      {
        "asyncValidators": null,
        "errorMessages": null,
        "hidden": false,
        "id": "basicGroupInput2-1",
        "label": "Nested Input 2-1",
        "labelTooltip": null,
        "controlTooltip": null,
        "layout": null,
        "name": "basicGroupInput2-1",
        "relation": [],
        "updateOn": null,
        "validators": null,
        "disabled": false,
        "additional": null,
        "hint": null,
        "required": false,
        "tabIndex": null,
        "value": "Test 2-1",
        "autoComplete": "on",
        "autoFocus": false,
        "maxLength": null,
        "minLength": null,
        "placeholder": "",
        "prefix": null,
        "readOnly": false,
        "spellCheck": false,
        "suffix": null,
        "type": "INPUT",
        "accept": null,
        "inputType": "text",
        "list": null,
        "mask": null,
        "max": null,
        "min": null,
        "multiple": null,
        "pattern": null,
        "step": null
      },
      {
        "asyncValidators": null,
        "errorMessages": null,
        "hidden": false,
        "id": "basicGroupInput2-2",
        "label": "Nested Input 2-2",
        "labelTooltip": null,
        "controlTooltip": null,
        "layout": null,
        "name": "basicGroupInput2-2",
        "relation": [],
        "updateOn": null,
        "validators": null,
        "disabled": false,
        "additional": null,
        "hint": null,
        "required": false,
        "tabIndex": null,
        "value": "Test 2-2",
        "autoComplete": "on",
        "autoFocus": false,
        "maxLength": null,
        "minLength": null,
        "placeholder": "",
        "prefix": null,
        "readOnly": false,
        "spellCheck": false,
        "suffix": null,
        "type": "INPUT",
        "accept": null,
        "inputType": "text",
        "list": null,
        "mask": null,
        "max": null,
        "min": null,
        "multiple": null,
        "pattern": null,
        "step": null
      }
    ],
    "type": "GROUP",
    "legend": "Form Group 2"
  },
  {
    "asyncValidators": null,
    "errorMessages": null,
    "hidden": false,
    "id": "basicCheckbox",
    "label": "I do agree",
    "labelTooltip": null,
    "controlTooltip": null,
    "layout": null,
    "name": "basicCheckbox",
    "relation": [],
    "updateOn": null,
    "validators": null,
    "disabled": false,
    "additional": null,
    "hint": null,
    "required": false,
    "tabIndex": null,
    "value": false,
    "labelPosition": null,
    "type": "CHECKBOX",
    "indeterminate": false
  }
]