{
  "definitions": {},
  "$schema": "http://json-schema.org/draft-07/schema#",
  "$id": "http://example.com/root.json",
  "type": "object",
  "title": "The Root Schema",
  "required": [
    "name",
    "models",
    "id",
    "description",
    "tags"
  ],
  "properties": {
    "name": {
      "$id": "#/properties/name",
      "type": "string",
      "title": "The Name Schema",
      "default": "",
      "examples": [
        "spa"
      ],
      "pattern": "^(.*)$"
    },
    "models": {
      "$id": "#/properties/models",
      "type": "object",
      "title": "The Models Schema",
      "required": [
        "venue",
        "height"
      ],
      "properties": {
        "venue": {
          "$id": "#/properties/models/properties/venue",
          "type": "object",
          "title": "The Venue Schema"
        },
        "height": {
          "$id": "#/properties/models/properties/height",
          "type": "object",
          "title": "The Height Schema"
        }
      }
    },
    "id": {
      "$id": "#/properties/id",
      "type": "string",
      "title": "The Id Schema",
      "default": "",
      "examples": [
        "spa"
      ],
      "pattern": "^(.*)$"
    },
    "description": {
      "$id": "#/properties/description",
      "type": "string",
      "title": "The Description Schema",
      "default": "",
      "examples": [
        "description"
      ],
      "pattern": "^(.*)$"
    },
    "tags": {
      "$id": "#/properties/tags",
      "type": "array",
      "title": "The Tags Schema",
      "items": {
        "$id": "#/properties/tags/items",
        "type": "string",
        "title": "The Items Schema",
        "default": "",
        "examples": [
          "home",
          "green"
        ],
        "pattern": "^(.*)$"
      }
    }
  }
}